Original_Score,learned_Scores,Ranking_Score_from_Postprocessing,Sensitive_Attribute
0.0,0.1481469,0.1481469,True
1.0,0.12629692,0.12629692,True
0.0,0.06998719,0.06998719,True
1.0,-0.0431706,-0.0431706,True
1.0,0.018163994,0.018163994,False
0.0,-0.046715602,-0.046715602,False
0.0,-0.095969275,-0.095969275,True
0.0,-0.09841524,-0.09841524,False
0.0,-0.19818021,-0.19818021,True
0.0,0.028511986,0.028511986,True
